session,pred_survey_num,species,pred_tl,hard_relief_cm_pred,soft_relief_cm_pred,habitat_pred,detection_pred,behaviour_pred,transect_distance_m_pred,tagged_pred,tag_num_pred,notes
141,2277,lionfish,8,,,Reef,SH,HOV,23,,,
141,2277,red grouper,35,,,Reef,EXP,RST,12,,,
141,2277,black grouper,50,,,Reef,EXP,SWIM,5,,,
141,2278,spotted moray,50,,,Reef,SH,RST,6,,,
141,2278,spotted moray,60,,,Reef,SH,RST,7,,,
141,2279,spotted moray,70,,,Reef,SH,RST,8,,,
141,2279,spotted moray,80,,,Reef,SH,RST,9,,,
142,2274,spotted scorpionfish,25,,,Reef,EXP,RST,69,,,
142,2275,black grouper,5,,,Reef,SH,RST,15,,,
142,2276,green moray,200,,,Reef,SH,RST,10,,,
143,2272,graysby,15,,,Reef,SH,RST,20,,,
143,2272,graysby,20,,,Reef,SH,RST,32,,,
143,2273,graysby,25,,,Reef,SH,HOV,24,,,
143,2273,graysby,15,,,Reef,EXP,RST,47,,,
143,2273,graysby,20,,,Reef,SH,RST,40,,,
143,2273,spotted moray,100,,,Reef,SH,RST,40,,,
143,2273,graysby,20,,,Reef,EXP,SWIM,29,,,
144,2270,graysby,20,,,Reef,EXP,HOV,46,,,
144,2270,graysby,25,,,Reef,EXP,HOV,10,,,
144,2270,lionfish,25,,,Reef,EXP,HOV,23,,,
144,2270,lionfish,30,,,Reef,SH,HOV,23,,,
144,2270,lionfish,35,,,Reef,EXP,RST,15,,,
144,2270,graysby,20,,,Reef,SH,RST,36,,,
144,2270,graysby,20,,,Reef,SH,RST,18,,,
144,2270,graysby,30,,,Reef,SH,RST,24,,,
144,2270,nassau grouper,45,,,Reef,SH,RST,46,,,
144,2270,black grouper,70,,,Reef,EXP,SWIM,19,,,
144,2270,graysby,25,,,Reef,EXP,SWIM,26,,,
144,2270,graysby,30,,,Reef,EXP,SWIM,24,,,
144,2271,graysby,15,,,Reef,EXP,SWIM,16,,,
145,2287,red grouper,31,,,Reef,EXP,HOV,10,,,
145,2287,lionfish,20,,,Reef,SH,HOV,7,,,
145,2288,red grouper,35,,,Reef,SH,RST,4,,,
145,2289,trumpetfish,35,,,Reef,EXP,HOV,8,,,
145,2289,trumpetfish,55,,,Reef,EXP,HOV,5,,,
146,2284,spotted moray,51,,,Reef,SH,RST,76,,,
146,2286,graysby,8,,,Reef,SH,HOV,40,,,
146,2286,spotted moray,48,,,Reef,SH,RST,21,,,
147,2280,spotted moray,54,,,Reef,SH,RST,33,,,
147,2280,graysby,18,,,Reef,EXP,SWIM,1,,,
147,2280,lionfish,24,,,Reef,,,40,,,
147,2280,lionfish,26,,,Reef,,,40,,,
147,2280,lionfish,40,,,Reef,,,40,,,
147,2281,graysby,9,,,Reef,EXP,HOV,12,,,
147,2281,graysby,6,,,Reef,SH,HOV,18,,,
147,2281,graysby,11,,,Reef,SH,RST,22,,,
147,2281,graysby,12,,,Reef,SH,RST,1,,,
147,2281,graysby,5,,,Reef,EXP,SWIM,1,,,
147,2281,graysby,20,,,Reef,EXP,SWIM,23,,,
148,2282,graysby,15,,,Reef,EXP,HOV,13,,,
148,2282,graysby,15,,,Reef,EXP,HOV,30,,,
148,2282,graysby,30,,,Reef,EXP,HOV,35,,,
148,2282,lionfish,25,,,Reef,EXP,HOV,0,,,
148,2282,graysby,12,,,Reef,SH,HOV,34,,,
148,2282,lionfish,40,,,Reef,,HOV,5,,,
148,2282,lionfish,25,,,Reef,,HOV,46,,,can get TL once fish dissected
148,2282,lionfish,25,,,Reef,,HOV,6,,,can get TL once fish dissected
148,2282,spotted scorpionfish,30,,,Reef,EXP,RST,14,,,
148,2282,graysby,13,,,Reef,SH,RST,46,,,
148,2282,lionfish,27,,,Reef,SH,RST,0,,,
148,2282,lionfish,28,,,Reef,SH,RST,0,,,
148,2282,lionfish,33,,,Reef,SH,RST,0,,,
148,2282,coney,20,,,Reef,EXP,SWIM,14,,,
148,2282,graysby,20,,,Reef,EXP,SWIM,39,,,
148,2282,mutton snapper,40,,,Reef,EXP,SWIM,50,,,
148,2282,graysby,17,,,Reef,,,17,,,
148,2282,lionfish,25,,,Reef,,,6,,,can get TL once fish dissected
148,2283,graysby,10,,,Reef,EXP,HOV,,,,
148,2283,graysby,20,,,Reef,SH,HOV,5,,,
148,2283,spotted scorpionfish,28,,,Reef,EXP,RST,35,,,
148,2283,spotted moray,100,,,Reef,SH,RST,12,,,
148,2283,coney,20,,,Reef,EXP,SWIM,12,,,
149,2295,gag grouper,40,,,Reef,SH,RST,37,,,
149,2295,spotted moray,25,,,Reef,SH,RST,48,,,
149,2295,spotted moray,80,,,Reef,SH,RST,40,,,
149,2295,cubera snapper,50,,,Reef,EXP,SWIM,5,,,
149,2296,red grouper,50,,,Reef,SH,RST,10,,,
149,2296,spotted moray,80,,,Reef,SH,RST,6,,,
150,2298,goldentail moray,40,,,Reef,SH,RST,2,,,
150,2298,scamp,50,,,Reef,EXP,SWIM,0,,,
150,2300,graysby,20,,,Reef,EXP,SWIM,19,,,
151,2292,graysby,23,,,Reef,EXP,HOV,49,,,
151,2292,graysby,5,,,Reef,SH,RST,25,,,
151,2292,graysby,20,,,Reef,SH,RST,23,,,
151,2292,spotted moray,20,,,Reef,SH,RST,25,,,
151,2292,graysby,15,,,Reef,EXP,SWIM,25,,,
151,2292,graysby,22,,,Reef,EXP,SWIM,33,,,
151,2293,graysby,18,,,Reef,EXP,HOV,38,,,
151,2293,green moray,100,,,Reef,SH,RST,21,,,
152,2290,graysby,12,,,Reef,EXP,HOV,4,,,
152,2290,graysby,28,,,Reef,EXP,HOV,35,,,
152,2290,graysby,15,,,Reef,SH,HOV,5,,,
152,2290,graysby,25,,,Reef,SH,RST,38,,,
152,2290,lionfish,33,,,Reef,SH,RST,50,,,
152,2290,graysby,16,,,Reef,EXP,SWIM,18,,,
152,2290,graysby,17,,,Reef,EXP,SWIM,33,,,
152,2290,graysby,20,,,Reef,EXP,SWIM,18,,,
152,2290,graysby,20,,,Reef,EXP,SWIM,10,,,
152,2290,graysby,24,,,Reef,EXP,SWIM,30,,,
152,2291,graysby,20,,,Reef,EXP,HOV,31,,,
152,2291,graysby,28,,,Reef,EXP,HOV,46,,,
152,2291,graysby,11,,,Reef,SH,HOV,46,,,
152,2291,spotted scorpionfish,35,,,Reef,EXP,RST,33,,,
152,2291,graysby,20,,,Reef,SH,RST,16,,,
152,2291,graysby,10,,,Reef,EXP,SWIM,37,,,
152,2291,graysby,20,,,Reef,EXP,SWIM,40,,,
152,2291,graysby,25,,,Reef,EXP,SWIM,20,,,
152,2291,graysby,30,,,Reef,EXP,SWIM,35,,,
152,2291,graysby,30,,,Reef,EXP,SWIM,46,,,
153,2305,grouper sp.,25,,,Reef,EXP,RST,40,,,
153,2305,spotted moray,60,,,Reef,SH,RST,0,,,
153,2306,spotted moray,30,,,Reef,SH,RST,0,,,
153,2306,spotted moray,100,,,Reef,SH,RST,0,,,
153,2306,graysby,25,,,Reef,EXP,SWIM,0,,,
153,2307,nassau grouper,35,,,Reef,EXP,SWIM,0,,,
154,2759,spotted moray,50,,,Reef,SH,RST,9,,,
154,2759,spotted moray,70,,,Reef,SH,RST,10,,,
154,2759,spotted moray,30,,,Reef,SH,RST,27,,,
154,2760,spotted moray,60,,,Reef,SH,RST,4,,,
154,2760,spotted moray,30,,,Reef,SH,RST,4,,,
154,2760,purplemouth moray,60,,,Reef,EXP,SWIM,4,,,
154,2761,gag grouper,25,,,Reef,EXP,HOV,16,,,
154,2761,spotted moray,30,,,Reef,SH,RST,42,,,
155,2301,graysby,20,,,Reef,EXP,HOV,15,,,
155,2301,graysby,15,,,Reef,SH,RST,3,,,
155,2301,spotted moray,50,,,Reef,SH,RST,46,,,
155,2301,spotted moray,70,,,Reef,SH,RST,43,,,
155,2301,mutton snapper,50,,,Reef,EXP,SWIM,50,,,
155,2302,rock hind,40,,,Reef,EXP,RST,2,,,
155,2302,graysby,15,,,Reef,EXP,SWIM,26,,,
156,2303,graysby,15,,,Reef,EXP,HOV,3,,,
156,2303,graysby,10,,,Reef,SH,HOV,11,,,
156,2303,graysby,20,,,Reef,SH,HOV,26,,,
156,2303,graysby,13,,,Reef,EXP,RST,42,,,
156,2303,graysby,15,,,Reef,EXP,RST,5,,,
156,2303,lionfish,20,,,Reef,EXP,RST,29,,,
156,2303,lionfish,25,,,Reef,EXP,RST,43,,,
156,2303,spotted scorpionfish,35,,,Reef,EXP,RST,40,,,
156,2303,graysby,10,,,Reef,SH,RST,43,,,
156,2303,graysby,15,,,Reef,SH,RST,39,,,
156,2303,spotted moray,5,,,Reef,SH,RST,15,,,
156,2303,graysby,15,,,Reef,EXP,SWIM,20,,,
156,2303,graysby,20,,,Reef,EXP,SWIM,9,,,
156,2304,graysby,25,,,Reef,EXP,HOV,10,,,
156,2304,graysby,10,,,Reef,EXP,RST,23,,,
156,2304,graysby,15,,,Reef,EXP,RST,21,,,
156,2304,graysby,15,,,Reef,SH,RST,49,,,
156,2304,spotted moray,60,,,Reef,SH,RST,31,,,
156,2304,spotted moray,70,,,Reef,SH,RST,37,,,
156,2304,graysby,10,,,Reef,EXP,SWIM,11,,,
156,2304,graysby,15,,,Reef,EXP,SWIM,20,,,
156,2304,graysby,15,,,Reef,EXP,SWIM,26,,,
157,2308,graysby,8,,,Reef,EXP,HOV,43,,,
157,2308,graysby,11,,,Reef,EXP,HOV,5,,,
157,2308,lionfish,7,,,Reef,EXP,RST,12,,,
157,2308,graysby,6,,,Reef,SH,RST,,,,
157,2308,graysby,14,,,Reef,SH,RST,45,,,
157,2308,black grouper,50,,,Reef,EXP,SWIM,45,,,
157,2308,graysby,7,,,Reef,EXP,SWIM,5,,,
157,2308,graysby,7,,,Reef,EXP,SWIM,35,,,
157,2308,graysby,8,,,Reef,EXP,SWIM,45,,,
157,2308,mutton snapper,28,,,Reef,EXP,SWIM,15,,,
157,2308,nassau grouper,45,,,Reef,EXP,SWIM,8,,,
157,2308,graysby,6,,,Reef,SH,SWIM,23,,,
157,2309,graysby,7,,,Reef,EXP,HOV,12,,,
157,2309,graysby,8,,,Reef,EXP,HOV,37,,,
157,2309,graysby,8,,,Reef,EXP,HOV,40,,,
157,2309,graysby,9,,,Reef,EXP,HOV,20,,,
157,2309,graysby,11,,,Reef,EXP,HOV,45,,,
157,2309,lionfish,11,,,Reef,SH,HOV,3,,,
157,2309,lionfish,20,,,Reef,SH,HOV,3,,,
158,2318,purplemouth moray,40,,,Reef,SH,RST,10,,,
158,2319,red grouper,50,,,Reef,SH,HOV,3,,,
158,2319,spotted moray,32,,,Reef,SH,RST,,,,
158,2320,gag grouper,46,,,Reef,EXP,HOV,8,,,
158,2320,spotted moray,32,,,Reef,SH,RST,15,,,
158,2320,spotted moray,38,,,Reef,SH,RST,4,,,
159,2315,black grouper,56,,,Reef,EXP,,17,,,
159,2316,red grouper,46,,,Reef,SH,RST,19,,,
159,2316,red grouper,36,,,Reef,EXP,SWIM,27,,,
159,2317,red grouper,25,,,Reef,EXP,HOV,10,,,
159,2317,red grouper,43,,,Reef,,,29,,,
160,2312,lionfish,16,,,Reef,EXP,HOV,38,,,
160,2312,red grouper,26,,,Reef,EXP,HOV,16,,,
160,2312,lionfish,18,,,Reef,SH,RST,38,,,
160,2313,red grouper,55,,,Reef,EXP,HOV,39,,,
160,2314,lionfish,16,,,Reef,EXP,HOV,23,,,
160,2314,lionfish,25,,,Reef,EXP,HOV,26,,,
160,2314,lionfish,16,,,Reef,SH,HOV,23,,,
160,2314,red grouper,24,,,Reef,EXP,RST,2,,,
160,2314,lionfish,18,,,Reef,SH,RST,23,,,
160,2314,spotted moray,48,,,Reef,SH,RST,27,,,
161,2310,black grouper,50,,,Reef,EXP,HOV,47,,,
161,2310,graysby,6,,,Reef,SH,HOV,16,,,
161,2310,graysby,4,,,Reef,SH,RST,15,,,
161,2310,graysby,7,,,Reef,SH,RST,6,,,
161,2310,spotted moray,60,,,Reef,SH,RST,5,,,
161,2310,coney,17,,,Reef,EXP,SWIM,33,,,
161,2310,graysby,6,,,Reef,EXP,SWIM,33,,,
161,2310,graysby,8,,,Reef,EXP,SWIM,37,,,
161,2310,graysby,10,,,Reef,EXP,SWIM,20,,,
161,2310,mutton snapper,48,,,Reef,EXP,SWIM,37,,,
161,2310,mutton snapper,58,,,Reef,EXP,SWIM,12,,,
161,2311,graysby,8,,,Reef,EXP,HOV,11,,,
161,2311,graysby,7,,,Reef,SH,HOV,2,,,
161,2311,graysby,15,,,Reef,SH,HOV,30,,,
161,2311,lionfish,24,,,Reef,SH,RST,,,,
161,2311,graysby,5,,,Reef,EXP,SWIM,9,,,
161,2311,graysby,25,,,Reef,EXP,SWIM,5,,,
161,2311,mutton snapper,43,,,Reef,EXP,SWIM,26,,,
161,2311,mutton snapper,46,,,Reef,EXP,SWIM,7,,,
162,2327,spotted scorpionfish,25,,,Reef,EXP,RST,22,,,
163,2328,red grouper,30,,,Reef,EXP,HOV,,,,
163,2328,mutton snapper,32,,,Reef,EXP,SWIM,16,,,
163,2328,nassau grouper,53,,,Reef,EXP,SWIM,16,,,
163,2329,black grouper,64,,,Reef,SH,HOV,15,,,
163,2329,lionfish,8,,,Reef,SH,RST,16,,,
163,2329,spotted moray,43,,,Reef,SH,RST,5,,,
163,2330,spotted moray,64,,,Reef,SH,RST,25,,,
164,2332,lionfish,24,,,Reef,EXP,HOV,10,,,
164,2332,lionfish,20,,,Reef,SH,HOV,10,,,
165,2321,graysby,16,,,Reef,EXP,HOV,8,,,
165,2321,graysby,20,,,Reef,EXP,HOV,45,,,
165,2321,graysby,8,,,Reef,EXP,SWIM,29,,,
165,2321,graysby,10,,,Reef,EXP,SWIM,5,,,
165,2321,graysby,12,,,Reef,EXP,SWIM,39,,,
165,2321,graysby,15,,,Reef,EXP,SWIM,25,,,
165,2321,graysby,15,,,Reef,EXP,SWIM,8,,,
165,2321,graysby,16,,,Reef,EXP,SWIM,17,,,
165,2321,graysby,18,,,Reef,EXP,SWIM,8,,,
165,2322,graysby,14,,,Reef,EXP,HOV,1,,,
165,2322,graysby,16,,,Reef,EXP,HOV,10,,,
165,2322,graysby,20,,,Reef,EXP,RST,0,,,
165,2322,greater soapfish,23,,,Reef,EXP,RST,10,,,
165,2322,graysby,8,,,Reef,EXP,SWIM,22,,,
165,2322,graysby,10,,,Reef,EXP,SWIM,37,,,
165,2322,mutton snapper,50,,,Reef,EXP,SWIM,8,,,
166,2323,graysby,8,,,Reef,EXP,RST,13,,,
166,2323,graysby,18,,,Reef,SH,RST,27,,,
166,2323,graysby,9,,,Reef,EXP,SWIM,14,,,
166,2323,mutton snapper,42,,,Reef,EXP,SWIM,25,,,
166,2324,nassau grouper,45,,,Reef,EXP,HOV,6,,,
166,2324,coney,32,,,Reef,SH,HOV,10,,,
166,2324,graysby,8,,,Reef,SH,HOV,17,,,
166,2324,graysby,8,,,Reef,SH,HOV,17,,,
166,2324,graysby,12,,,Reef,SH,HOV,48,,,
166,2324,black grouper,48,,,Reef,EXP,SWIM,46,,,
166,2324,black grouper,60,,,Reef,EXP,SWIM,48,,,
166,2324,graysby,9,,,Reef,EXP,SWIM,19,,,
166,2324,graysby,9,,,Reef,EXP,SWIM,48,,,
166,2324,graysby,10,,,Reef,EXP,SWIM,50,,,
166,2324,graysby,13,,,Reef,EXP,SWIM,10,,,
168,2344,black grouper,15,,,Reef,SH,HOV,22,,,
168,2344,gag grouper,52,,,Reef,SH,HOV,30,,,
168,2344,green moray,110,,,Reef,SH,RST,37,,,
168,2344,lionfish,20,,,Reef,SH,RST,15,,,
168,2346,black grouper,40,,,Reef,SH,HOV,7,,,
168,2346,lionfish,23,,,Reef,SH,RST,15,,,
168,2346,lionfish,30,,,Reef,SH,RST,15,,,
168,2346,spotted moray,48,,,Reef,SH,RST,29,,,
169,2341,black grouper,20,,,Reef,SH,RST,18,,,
169,2341,gag grouper,32,,,Reef,SH,RST,41,,,
169,2341,gag grouper,52,,,Reef,SH,RST,34,,,
169,2342,red grouper,36,,,Reef,SH,RST,5,,,
169,2342,red grouper,64,,,Reef,EXP,SWIM,22,,,
169,2342,red grouper,37,,,Reef,SH,,55,,,
169,2343,lionfish,20,,,Reef,EXP,HOV,55,,,
169,2343,red grouper,30,,,Reef,EXP,HOV,27,,,
169,2343,black grouper,30,,,Reef,SH,HOV,28,,,
169,2343,black grouper,51,,,Reef,EXP,RST,11,,,
170,2339,red grouper,40,,,Reef,EXP,SWIM,26,,,
170,2340,gag grouper,40,,,Reef,EXP,RST,18,,,
170,2340,gag grouper,70,,,Sand,EXP,RST,23,,,
171,2336,graysby,12,,,Reef,SH,RST,24,,,
171,2336,graysby,12,,,Reef,SH,RST,6,,,
171,2336,spotted moray,43,,,Reef,SH,RST,35,,,
171,2336,black grouper,80,,,Reef,EXP,SWIM,6,,,
171,2336,mutton snapper,40,,,Reef,EXP,SWIM,0,,,
171,2337,graysby,11,,,Reef,EXP,HOV,23,,,
171,2337,graysby,13,,,Reef,EXP,HOV,4,,,
171,2337,graysby,15,,,Reef,EXP,HOV,2,,,
171,2337,graysby,20,,,Reef,EXP,HOV,3,,,
171,2337,graysby,15,,,Reef,SH,HOV,1,,,
171,2337,graysby,11,,,Reef,EXP,SWIM,1,,,
171,2337,graysby,13,,,Reef,EXP,SWIM,11,,,
172,2349,graysby,20,,,Reef,EXP,HOV,50,,,
172,2349,graysby,20,,,Reef,EXP,RST,31,,,
172,2349,graysby,35,,,Reef,EXP,RST,36,,,
172,2349,black grouper,75,,,Reef,SH,RST,43,,,
172,2349,graysby,20,,,Reef,SH,RST,36,,,
172,2349,graysby,35,,,Reef,EXP,SWIM,50,,,
172,2349,mutton snapper,45,,,Reef,EXP,SWIM,18,,,
172,2350,coney,35,,,Reef,EXP,HOV,29,,,
172,2350,graysby,65,,,Reef,EXP,HOV,40,,,
172,2350,red hind,32,,,Reef,EXP,RST,23,,,
172,2350,graysby,10,,,Reef,,,15,,,
173,2347,graysby,25,,,Reef,EXP,HUNT,58,,,
173,2347,spotted moray,30,,,Reef,SH,RST,20,,,
173,2347,spotted moray,55,,,Reef,SH,RST,50,,,
173,2347,spotted moray,100,,,Reef,SH,RST,20,,,
173,2347,graysby,22,,,Reef,EXP,SWIM,36,,,
173,2347,graysby,20,,,Reef,SH,SWIM,15,,,
173,2348,graysby,5,,,Reef,SH,HOV,7,,,
173,2348,graysby,15,,,Reef,SH,HOV,38,,,
173,2348,black grouper,55,,,Reef,EXP,RST,30,,,
173,2348,graysby,15,,,Reef,SH,RST,48,,,
173,2348,graysby,20,,,Reef,SH,RST,30,,,
173,2348,graysby,25,,,Reef,SH,RST,19,,,
173,2348,graysby,10,,,Reef,EXP,SWIM,19,,,
173,2348,graysby,15,,,Reef,EXP,SWIM,11,,,
173,2348,graysby,17,,,Reef,EXP,SWIM,50,,,
173,2348,graysby,20,,,Reef,EXP,SWIM,50,,,
173,2348,graysby,20,,,Reef,EXP,SWIM,30,,,
173,2348,mutton snapper,50,,,Reef,EXP,SWIM,28,,,
173,2348,red hind,22,,,Reef,EXP,SWIM,14,,,
174,2358,nassau grouper,60,,,Reef,SH,HOV,13,,,
174,2359,green moray,60,,,Reef,SH,RST,,,,
175,2355,graysby,6,,,Reef,EXP,HOV,27,,,
175,2355,graysby,6,,,Reef,SH,HOV,29,,,
175,2355,graysby,17,,,Reef,SH,HOV,25,,,
175,2355,graysby,20,,,Reef,SH,HOV,,,,
175,2355,lionfish,35,,,Reef,SH,HOV,46,,,
175,2355,graysby,10,,,Reef,SH,RST,28,,,
175,2355,spotted moray,65,,,Reef,SH,RST,15,,,
175,2355,graysby,5,,,Reef,EXP,SWIM,35,,,
175,2355,graysby,18,,,Reef,EXP,SWIM,11,,,
175,2355,graysby,25,,,Reef,EXP,SWIM,9,,,
175,2355,red grouper,120,,,Reef,EXP,SWIM,46,,,
175,2355,black margate,70,,,Reef,SH,SWIM,44,,,
175,2355,black margate,70,,,Reef,SH,SWIM,45,,,
175,2355,graysby,5,,,Reef,SH,SWIM,22,,,
175,2355,gag grouper,80,,,Reef,,,45,,,
175,2355,graysby,15,,,Reef,,,31,,,
175,2356,graysby,15,,,Reef,EXP,HOV,3,,,
175,2356,graysby,18,,,Reef,EXP,HOV,9,,,
175,2356,graysby,45,,,Reef,EXP,HOV,5,,,
175,2356,graysby,5,,,Reef,SH,HOV,16,,,
175,2356,graysby,35,,,Reef,SH,HOV,51,,,
175,2356,lionfish,9,,,Reef,EXP,RST,0,,,
175,2356,lionfish,10,,,Reef,EXP,RST,12,,,
175,2356,graysby,7,,,Reef,SH,RST,22,,,
175,2356,graysby,10,,,Reef,SH,RST,9,,,
175,2356,graysby,15,,,Reef,SH,RST,49,,,
175,2356,nassau grouper,58,,,Reef,SH,RST,25,,,
175,2356,spotted moray,50,,,Reef,SH,RST,46,,,
175,2356,graysby,16,,,Reef,EXP,SWIM,0,,,
175,2356,graysby,30,,,Reef,EXP,SWIM,18,,,
176,2353,nassau grouper,35,,,Reef,EXP,HOV,42,,,
176,2353,graysby,20,,,Reef,EXP,RST,10,,,
176,2353,graysby,20,,,Reef,EXP,SWIM,26,,,
176,2353,graysby,20,,,Reef,EXP,SWIM,29,,,
176,2353,nassau grouper,60,,,Reef,EXP,SWIM,48,,,
176,2354,graysby,50,,,Reef,EXP,HOV,21,,,
176,2354,graysby,19,,,Reef,SH,HOV,39,,,
176,2354,graysby,30,,,Reef,SH,HOV,32,,,
176,2354,graysby,16,,,Reef,EXP,RST,14,,,
176,2354,lionfish,10,,,Reef,EXP,RST,28,,,
176,2354,graysby,11,,,Reef,SH,RST,7,,,
176,2354,graysby,15,,,Reef,SH,RST,36,,,
176,2354,graysby,18,,,Reef,SH,RST,50,,,
176,2354,graysby,20,,,Reef,SH,RST,46,,,
176,2354,graysby,45,,,Reef,SH,RST,41,,,
176,2354,spotted moray,70,,,Reef,SH,RST,34,,,
176,2354,gag grouper,60,,,Reef,EXP,SWIM,25,,,
176,2354,graysby,15,,,Reef,EXP,SWIM,34,,,
177,2351,spotted moray,60,,,Reef,SH,RST,32,,,
177,2351,gag grouper,60,,,Reef,EXP,SWIM,43,,,
177,2352,graysby,13,,,Reef,EXP,HOV,49,,,
177,2352,spotted moray,40,,,Reef,SH,RST,5,,,
178,2360,graysby,15,,,Reef,EXP,HOV,42,,,
178,2360,graysby,17,,,Reef,EXP,HOV,49,,,
178,2360,graysby,16,,,Reef,SH,RST,7,,,
178,2360,graysby,20,,,Reef,SH,RST,8,,,
178,2360,barracuda,90,,,Reef,EXP,SWIM,40,,,
178,2360,graysby,11,,,Reef,EXP,SWIM,49,,,
178,2360,graysby,18,,,Reef,EXP,SWIM,26,,,
178,2360,graysby,19,,,Reef,EXP,SWIM,50,,,
178,2360,graysby,20,,,Reef,EXP,SWIM,32,,,
178,2360,graysby,30,,,Reef,,,15,,,
178,2361,graysby,10,,,Reef,EXP,HOV,36,,,
178,2361,graysby,15,,,Reef,EXP,HOV,31,,,
178,2361,graysby,19,,,Reef,EXP,HOV,51,,,
178,2361,graysby,19,,,Reef,EXP,HOV,42,,,
178,2361,graysby,12,,,Reef,SH,HOV,25,,,
178,2361,graysby,16,,,Reef,SH,HOV,12,,,
178,2361,graysby,28,,,Reef,SH,HOV,48,,,
178,2361,graysby,30,,,Reef,SH,HOV,47,,,
178,2361,spotted moray,38,,,Reef,SH,RST,5,,,
178,2361,black grouper,70,,,Reef,EXP,SWIM,9,,,
178,2361,graysby,20,,,Reef,EXP,SWIM,45,,,
178,2361,green moray,150,,,Reef,EXP,SWIM,10,,,
179,2362,graysby,7,,,Reef,EXP,HOV,48,,,
179,2362,graysby,10,,,Reef,SH,HOV,48,,,
179,2362,graysby,20,,,Reef,SH,HOV,20,,,
179,2362,graysby,21,,,Reef,SH,HOV,42,,,
179,2362,goldentail moray,20,,,Reef,SH,RST,49,,,
179,2362,graysby,7,,,Reef,SH,RST,49,,,
179,2362,green moray,240,,,Reef,SH,RST,47,,,
179,2362,spotted moray,50,,,Reef,SH,RST,24,,,
179,2362,barracuda,72,,,Reef,EXP,SWIM,27,,,
179,2362,barracuda,74,,,Reef,EXP,SWIM,27,,,
179,2362,graysby,15,,,Reef,EXP,SWIM,3,,,
179,2363,graysby,20,,,Reef,EXP,HOV,47,,,
179,2363,graysby,20,,,Reef,EXP,HOV,47,,,
179,2363,lionfish,8,,,Reef,EXP,HOV,25,,,
179,2363,graysby,22,,,Reef,SH,HOV,32,,,
179,2363,graysby,18,,,Reef,EXP,RST,14,,,
179,2363,green moray,140,,,Reef,SH,RST,21,,,
179,2363,graysby,6,,,Reef,EXP,SWIM,21,,,
179,2363,graysby,7,,,Reef,EXP,SWIM,47,,,
179,2363,graysby,18,,,Reef,EXP,SWIM,24,,,
179,2363,graysby,22,,,Reef,EXP,SWIM,15,,,
180,2364,graysby,17,,,Reef,SH,HOV,18,,,
180,2364,graysby,13,,,Reef,EXP,RST,47,,,
180,2364,graysby,25,,,Reef,EXP,RST,32,,,
180,2364,graysby,30,,,Reef,EXP,RST,18,,,
180,2364,graysby,10,,,Reef,SH,RST,50,,,
180,2364,graysby,30,,,Reef,SH,RST,32,,,
180,2364,spotted moray,20,,,Reef,SH,RST,50,,,
180,2364,graysby,16,,,Reef,EXP,SWIM,30,,,
180,2364,graysby,17,,,Reef,EXP,SWIM,,,,
180,2364,graysby,20,,,Reef,EXP,SWIM,31,,,
180,2365,graysby,16,,,Reef,EXP,SWIM,49,,,
180,2365,graysby,16,,,Reef,EXP,SWIM,24,,,
180,2365,graysby,18,,,Reef,EXP,SWIM,47,,,
182,2366,red grouper,33,,,Reef,EXP,HOV,9,,,
182,2366,red grouper,30,,,Reef,EXP,RST,9,,,
182,2366,spotted moray,15,,,Reef,SH,RST,20,,,
182,2366,spotted moray,42,,,Reef,SH,RST,13,,,
182,2366,red grouper,25,,,Reef,EXP,SWIM,15,,,
182,2366,red grouper,32,,,Reef,EXP,SWIM,9,,,
182,2367,goldentail moray,20,,,Reef,SH,RST,11,,,
182,2367,spotted moray,20,,,Reef,SH,RST,18,,,
182,2368,lionfish,7,,,Reef,EXP,RST,4,,,
182,2368,red grouper,28,,,Reef,EXP,SWIM,4,,,
185,2578,lionfish,32,110,0,Reef,SH,RST,11.5,,,
185,2579,spotted moray,70,70,0,Reef,EXP,RST,28,,,
185,2579,red grouper,30,35,0,Reef,SH,RST,15,,,
185,2580,gag grouper,65,100,0,Reef,EXP,SWIM,18,,,
186,2575,gray snapper,30,40,70,Reef,,RST,50,,,
186,2575,red hind,30,60,30,Reef,,RST,89,,,
186,2575,gray snapper,30,80,0,Reef,,SWIM,29,,,
186,2576,gray snapper,30,70,0,Reef,,,45,,,
186,2576,gray snapper,30,30,0,Reef,,,12,,,
186,2577,black grouper,50,50,0,Reef,EXP,HUNT,51,,,
187,2571,coney,28,70,0,Reef,EXP,HOV,37,,,
187,2571,graysby,22,30,80,Reef,EXP,HOV,33,,,
187,2571,graysby,15,95,0,Reef,EXP,HOV,25,,,
187,2571,graysby,15,60,0,Reef,EXP,HOV,16,,,
187,2571,graysby,10,48,0,Reef,EXP,HOV,21,,,
187,2571,graysby,20,48,0,Reef,EXP,HOV,21,,,
187,2571,lionfish,35,90,0,Reef,EXP,RST,4,,,
187,2571,graysby,10,90,0,Reef,SH,RST,5,,,
187,2571,graysby,18,88,0,Reef,SH,RST,33,,,
187,2571,graysby,10,70,0,Reef,SH,RST,40.5,,,
187,2571,lionfish,40,100,0,Reef,SH,RST,5,,,
187,2571,lionfish,45,100,0,Reef,SH,RST,5,,,
187,2571,graysby,15,60,0,Reef,EXP,SWIM,37,,,
187,2571,graysby,18,0,120,Reef,EXP,SWIM,19,,,
187,2571,graysby,15,30,0,Reef,EXP,SWIM,12,,,
187,2571,graysby,10,45,0,Reef,EXP,SWIM,48,,,
187,2571,greater soapfish,20,30,0,Reef,EXP,SWIM,3,,,
187,2571,mutton snapper,50,0,0,Sand,EXP,SWIM,10,,,
187,2572,graysby,18,60,0,Reef,SH,RST,20,,,
187,2572,graysby,13,40,0,Reef,SH,RST,5,,,
187,2572,lionfish,30,0,0,Reef,EXP,SWIM,29,,,
188,2573,graysby,12,65,0,Sponge,EXP,HOV,18,,,
188,2573,lionfish,13,70,0,Sponge,EXP,HOV,48,,,
188,2573,lionfish,35,140,0,Reef,SH,HOV,50,,,
188,2573,graysby,10,30,0,Reef,EXP,RST,32.6,,,
188,2573,graysby,15,30,0,Reef,EXP,RST,18,,,
188,2573,lionfish,35,150,0,Reef,SH,RST,16.3,,,
188,2573,lionfish,30,150,0,Reef,SH,RST,16.3,,,
188,2573,lionfish,25,100,0,Reef,SH,RST,36,,,
188,2573,spotted moray,100,60,0,Reef,SH,RST,37,,,
188,2573,graysby,10,100,0,Sponge,EXP,SWIM,32.6,,,
188,2574,graysby,12,40,50,Reef,EXP,HOV,8,,,
188,2574,graysby,10,40,50,Reef,EXP,HOV,8,,,
188,2574,graysby,15,40,50,Reef,EXP,HOV,8,,,
188,2574,graysby,15,20,0,Reef,EXP,HOV,5,,,
188,2574,graysby,10,20,0,Reef,EXP,RST,40,,,
188,2574,graysby,14,0,50,Sponge,EXP,RST,44,,,
188,2574,graysby,15,15,0,Reef,SH,RST,32,,,
188,2574,lionfish,15,50,0,Reef,SH,RST,23,,,
188,2574,lionfish,40,50,0,Reef,SH,RST,23,,,
188,2574,coney,15,55,0,Reef,EXP,SWIM,11,,,
188,2574,graysby,12,55,0,Reef,EXP,SWIM,22,,,
189,2583,graysby,10,40,60,Reef,EXP,HOV,23,,,
189,2583,graysby,28,120,60,Reef,EXP,HOV,50,,,
189,2583,graysby,15,70,40,Reef,EXP,HOV,50,,,
189,2583,graysby,13,40,60,Reef,SH,RST,20,,,
189,2583,graysby,23,84,35,Reef,SH,RST,20,,,
189,2583,graysby,32,35,15,Reef,SH,RST,24,,,
189,2583,graysby,18,90,65,Reef,SH,RST,50,,,
189,2583,graysby,18,15,40,Reef,SH,RST,18,,,
189,2584,graysby,17,32,47,Reef,EXP,HOV,23,,,
189,2584,graysby,18,0,60,Reef,EXP,HOV,14,,,
189,2584,graysby,14,30,65,Reef,EXP,HOV,9,,,
189,2584,graysby,14,28,0,Reef,SH,HOV,38,,,
189,2584,graysby,14,18,40,Reef,SH,RST,32,,,
189,2584,graysby,12,15,62,Reef,EXP,SWIM,44,,,
190,2581,coney,31,0,60,Reef,EXP,HOV,44,,,
190,2581,graysby,32,81,106,Reef,SH,HOV,48,,,
190,2581,nassau grouper,61,90,30,Reef,SH,HOV,48,,,
190,2581,nassau grouper,70,90,0,Reef,EXP,RST,50,,,
190,2581,graysby,20,50,40,Reef,SH,RST,10,,,
190,2581,mutton snapper,52,60,30,Reef,EXP,SWIM,22,,,
190,2582,graysby,22,0,55,Reef,SH,RST,33,,,
190,2582,graysby,10,180,0,Reef,SH,RST,50,,,
190,2582,graysby,21,70,20,Reef,SH,RST,22,,,
190,2582,graysby,15,70,0,Reef,SH,RST,0,,,
190,2582,black grouper,80,50,140,Reef,EXP,SWIM,0,,,
190,2582,black grouper,50,130,60,Reef,EXP,SWIM,6,,,
190,2582,black grouper,46,30,70,Reef,EXP,SWIM,50,,,
190,2582,graysby,20,0,35,Reef,EXP,SWIM,24,,,
191,2592,spotted moray,40,50,0,Reef,SH,RST,20,,,
191,2592,spotted moray,40,30,25,Reef,SH,RST,30,,,
191,2592,spotted moray,50,50,100,Reef,SH,RST,42,,,
191,2594,spotted moray,45,40,60,Reef,SH,RST,28,,,
192,2589,nassau grouper,70,100,110,Reef,SH,HOV,15,,,
192,2589,nassau grouper,67,300,120,Reef,SH,HOV,60,,,
192,2589,spotted moray,50,10,55,Reef,SH,RST,4,,,
192,2589,green moray,110,0,120,Reef,EXP,SWIM,67,,,
192,2591,black grouper,65,110,100,Reef,EXP,RST,49,,,
192,2591,black grouper,60,135,0,Reef,SH,RST,48,,,
192,2591,spotted moray,60,65,40,Reef,SH,RST,10,,,
193,2585,graysby,35,55,0,Reef,EXP,SWIM,12,,,
193,2585,graysby,17,0,75,Reef,EXP,SWIM,46,,,
193,2585,graysby,15,20,0,Reef,EXP,SWIM,16,,,
193,2585,graysby,16,0,80,Reef,EXP,SWIM,10,,,
193,2585,mutton snapper,60,0,55,Reef,EXP,SWIM,40,,,
193,2586,graysby,25,25,0,Reef,EXP,HOV,45,,,
193,2586,graysby,19,80,40,Reef,EXP,HOV,15,,,
193,2586,graysby,17,80,40,Reef,EXP,HOV,15,,,
193,2586,lionfish,32,70,0,Reef,SH,HOV,40,,,
193,2586,graysby,15,40,0,Reef,EXP,RST,20,,,
193,2586,graysby,8,0,80,Sponge,EXP,RST,21,,,
193,2586,graysby,19,0,110,Sponge,EXP,RST,20,,,
193,2586,graysby,12,0,65,Reef,SH,RST,18,,,
193,2586,graysby,18,55,0,Reef,SH,RST,5,,,
193,2586,spotted moray,50,25,0,Reef,SH,RST,45,,,
193,2586,green moray,150,0,160,Sponge,SH,RST,10,,,
194,2587,spotted moray,55,0,55,Sponge,SH,RST,36,,,
194,2587,spotted moray,60,0,70,Sponge,SH,RST,16,,,
194,2588,graysby,15,0,45,Sponge,EXP,HOV,9,,,
194,2588,graysby,10,0,80,Sponge,EXP,RST,5,,,
194,2588,spotted moray,30,50,0,Reef,SH,RST,32,,,
194,2588,red hind,31,0,90,Reef,EXP,SWIM,24,,,
195,2602,spotted moray,50,115,0,Reef,SH,RST,30,,,
195,2602,graysby,25,120,70,Reef,,,40,,,
196,2599,red grouper,40,75,30,Reef,EXP,RST,3,,,
196,2600,red grouper,40,92,35,Reef,SH,RST,30,,,
196,2601,lionfish,15,135,35,Reef,SH,HOV,3,,,
197,2597,lionfish,19,85,45,Reef,EXP,HOV,10,,,
197,2597,graysby,18,20,50,Reef,SH,HOV,40,,,
197,2597,graysby,18,80,0,Reef,EXP,RST,20,,,
197,2597,graysby,18,100,55,Reef,SH,RST,25,,,
197,2597,graysby,15,53,0,Reef,SH,RST,47,,,
197,2597,graysby,22,48,0,Reef,SH,RST,1,,,
197,2597,lionfish,23,85,45,Reef,SH,RST,10,,,
197,2597,graysby,15,38,0,Sponge,EXP,SWIM,7,,,
197,2598,nassau grouper,50,45,20,Reef,EXP,RST,0,,,
197,2598,graysby,12,20,0,Reef,SH,RST,20,,,
197,2598,graysby,8,15,20,,,,,,,
198,2595,graysby,25,40,44,Reef,EXP,HOV,6,,,
198,2595,graysby,20,51,0,Reef,EXP,HOV,17,,,
198,2595,graysby,25,58,0,Reef,EXP,HOV,5,,,
198,2595,graysby,25,10,0,Reef,EXP,HOV,10,,,
198,2595,graysby,25,83,25,Reef,EXP,HOV,47,,,
198,2595,spotted moray,10,53,0,Reef,EXP,HOV,16,,,
198,2595,spotted moray,20,47,65,Reef,EXP,HOV,17,,,
198,2595,graysby,43,80,20,Reef,SH,HOV,30,,,
198,2595,graysby,55,52,0,Reef,SH,HOV,33,,,
198,2595,graysby,15,10,15,Reef,EXP,RST,30,,,
198,2595,graysby,30,52,0,Reef,SH,RST,22,,,
198,2595,graysby,15,30,0,Reef,SH,RST,20,,,
198,2595,graysby,20,52,0,Reef,SH,RST,23,,,
198,2595,graysby,20,43,0,Reef,SH,RST,50,,,
198,2595,graysby,20,43,0,Reef,SH,RST,50,,,
198,2595,nassau grouper,51,41,41,Reef,EXP,SWIM,10,,,
198,2595,graysby,24,32,24,Reef,EXP,,22,,,
198,2596,graysby,17,35,0,Sponge,EXP,RST,48,,,
198,2596,graysby,15,70,0,Sponge,SH,RST,17,,,
198,2596,graysby,12,80,0,Reef,EXP,,49,,,
199,2609,red grouper,70,77,55,Reef,SH,HOV,34,,,
200,2612,red grouper,42,15,40,Sand,EXP,RST,50,,,
200,2612,red grouper,40,80,82,Reef,EXP,SWIM,2,,,
201,2607,graysby,32,180,50,Reef,SH,HOV,31,,,
201,2607,graysby,23,35,25,Reef,SH,HOV,2,,,
201,2607,lionfish,25,136,0,Reef,SH,HOV,15,,,
201,2607,graysby,17,0,53,Reef,EXP,RST,12,,,
201,2607,graysby,27,26,20,Reef,EXP,RST,7,,,
201,2608,graysby,25,30,0,Reef,SH,HOV,42,,,
201,2608,graysby,15,80,30,Reef,SH,HOV,20,,,
201,2608,purplemouth moray,30,20,0,Reef,SH,RST,32,,,
201,2608,graysby,18,29,35,Reef,EXP,SWIM,44,,,
202,2605,graysby,23,0,75,Reef,EXP,HOV,15,,,
202,2605,graysby,28,140,20,Reef,SH,HOV,48,,,
202,2606,graysby,24,140,30,Reef,SH,HOV,24,,,
202,2606,graysby,35,110,10,Reef,SH,HOV,40,,,
202,2606,graysby,19,190,0,Reef,SH,HOV,35,,,
202,2606,graysby,14,15,0,Reef,SH,RST,14,,,
202,2606,graysby,18,84,0,Reef,SH,RST,26,,,
202,2606,graysby,26,84,0,Reef,SH,RST,26,,,
202,2606,green moray,150,100,0,Reef,SH,RST,50,,,
202,2606,barracuda,100,0,0,Reef,EXP,SWIM,10,,,
202,2606,black grouper,62,60,0,Reef,EXP,SWIM,46,,,
202,2606,graysby,23,0,68,Reef,EXP,SWIM,28,,,
202,2606,graysby,25,85,0,Reef,EXP,SWIM,28,,,
203,2621,rock hind,25,50,0,Reef,SH,RST,9.5,,,
203,2621,black grouper,45,90,0,Reef,EXP,SWIM,2,,,
203,2622,black grouper,45,180,0,Reef,EXP,RST,0,,,
203,2622,nassau grouper,50,92,0,Reef,EXP,RST,22,,,
204,2615,lionfish,16,0,85,Sponge,EXP,RST,1,,,
204,2615,lionfish,25,0,85,Sponge,EXP,RST,1,,,
204,2615,goldentail moray,50,18,62,Reef,SH,RST,34,,,
204,2615,spotted moray,90,50,70,Reef,SH,RST,36,,,
204,2615,graysby,9,85,30,Reef,EXP,SWIM,0.5,,,
204,2616,gag grouper,55,110,55,Reef,SH,HOV,39,,,
204,2616,graysby,25,100,40,Reef,SH,RST,47,,,
204,2616,graysby,20,90,40,Reef,SH,RST,23,,,
204,2616,green moray,130,100,40,Reef,SH,RST,47,,,
204,2616,nassau grouper,55,70,30,Reef,SH,RST,47,,,
204,2616,spotted moray,70,35,48,Reef,SH,RST,31,,,
204,2616,lionfish,15,0,80,Sponge,SH,RST,48,,,
204,2616,graysby,20,55,40,Reef,EXP,SWIM,16,,,
204,2616,graysby,20,0,80,Sponge,EXP,SWIM,48,,,
205,2617,graysby,7,50,40,Reef,SH,RST,1,,,
205,2617,graysby,25,70,40,Reef,SH,RST,35,,,
205,2617,graysby,27,49,50,Reef,SH,RST,35,,,
205,2617,graysby,17,50,45,Reef,SH,RST,40,,,
205,2617,graysby,15,45,65,Reef,SH,RST,19,,,
205,2617,graysby,23,130,35,Reef,SH,RST,17,,,
205,2617,graysby,15,40,65,Reef,SH,RST,,,,
205,2617,graysby,11,0,65,Sponge,SH,RST,8,,,
205,2617,black grouper,60,0,100,Reef,EXP,SWIM,29,,,
205,2617,black grouper,65,0,65,Reef,EXP,SWIM,50,,,
205,2618,black grouper,80,0,0,Reef,EXP,HOV,0,,,
205,2618,black grouper,90,0,0,Reef,EXP,HOV,0,,,
205,2618,black grouper,100,0,0,Reef,EXP,HOV,0,,,
205,2618,black grouper,120,0,0,Reef,EXP,HOV,0,,,
205,2618,graysby,11,50,60,Reef,SH,RST,7,,,
205,2618,graysby,27,100,27,Reef,SH,RST,25,,,
205,2618,graysby,20,60,40,Reef,SH,RST,49,,,
205,2618,graysby,15,100,0,Reef,SH,RST,29,,,
205,2618,graysby,25,65,35,Reef,SH,RST,13,,,
205,2618,lionfish,20,100,27,Reef,SH,RST,25,,,
205,2618,graysby,21,0,75,Sponge,SH,RST,10,,,
206,2619,black grouper,70,15,60,Reef,EXP,RST,9,,,
206,2619,black grouper,70,15,60,Reef,EXP,RST,9,,,
206,2619,black grouper,70,27,0,Reef,SH,RST,12,,,
206,2619,goldentail moray,30,45,50,Reef,SH,RST,50,,,
206,2619,graysby,18,45,50,Reef,SH,RST,50,,,
206,2619,graysby,20,45,50,Reef,SH,RST,50,,,
206,2619,graysby,10,0,40,Sponge,SH,RST,38,,,
206,2619,graysby,10,0,70,Sponge,SH,RST,48,,,
206,2619,graysby,8,0,85,Sponge,SH,RST,24,,,
206,2619,gag grouper,50,15,60,Reef,EXP,SWIM,10,,,
206,2619,black grouper,50,0,0,Sand,EXP,SWIM,12,,,
206,2619,black grouper,50,0,0,Sand,EXP,SWIM,10,,,
206,2619,gag grouper,60,0,0,Sand,EXP,SWIM,10,,,
206,2619,gag grouper,60,0,0,Sand,EXP,SWIM,10,,,
206,2619,gag grouper,60,0,0,Sand,EXP,SWIM,10,,,
206,2620,gag grouper,85,0,0,Reef,EXP,SWIM,35,,,
206,2620,gag grouper,60,0,90,Reef,EXP,SWIM,38,,,
206,2620,gag grouper,50,0,60,Reef,EXP,SWIM,38,,,
206,2620,mutton snapper,50,0,100,Reef,EXP,SWIM,38,,,
207,2628,graysby,25,120,0,Reef,EXP,HOV,1,,,
207,2628,graysby,10,40,30,Reef,EXP,HOV,24,,,
207,2628,graysby,27,30,0,Reef,SH,HOV,25,,,
207,2629,graysby,19,42,9,Reef,EXP,HOV,27,,,
207,2629,graysby,18,0,75,Reef,EXP,HOV,31,,,
207,2629,black grouper,75,30,0,Reef,EXP,RST,20,,,
207,2629,graysby,17,0,55,Sponge,EXP,RST,5,,,
207,2629,graysby,21,30,50,Reef,SH,RST,37,,,
207,2629,spotted moray,60,0,75,Sponge,SH,RST,11,,,
208,2626,graysby,25,20,40,Reef,EXP,HOV,13,,,
208,2626,purplemouth moray,45,12,0,Reef,SH,RST,2,,,
208,2626,spotted moray,50,0,57,Sponge,SH,RST,47,,,
208,2626,graysby,23,40,45,Reef,EXP,SWIM,10,,,
208,2626,graysby,19,20,70,Reef,EXP,SWIM,47,,,
208,2627,graysby,25,35,0,Reef,EXP,HOV,26,,,
208,2627,graysby,13,0,90,Sponge,EXP,HOV,2,,,
208,2627,graysby,15,50,15,Reef,SH,HOV,43,,,
208,2627,graysby,17,50,15,Reef,SH,RST,47,,,
208,2627,graysby,23,78,10,Reef,SH,RST,27,,,
208,2627,graysby,15,82,0,Reef,SH,RST,25,,,
208,2627,barracuda,80,15,10,Reef,EXP,SWIM,9,,,
208,2627,barracuda,75,23,20,Reef,EXP,SWIM,45,,,
208,2627,barracuda,60,23,20,Reef,EXP,SWIM,45,,,
208,2627,barracuda,80,0,0,Reef,EXP,SWIM,11,,,
208,2627,graysby,22,42,12,Reef,EXP,SWIM,4,,,
209,2624,graysby,17,50,50,Reef,SH,RST,47,,,
209,2624,graysby,16,0,17,Reef,SH,RST,43,,,
209,2624,graysby,14,20,35,Reef,SH,RST,36,,,
209,2624,barracuda,120,130,0,Reef,EXP,SWIM,37,,,
209,2624,graysby,25,35,25,Reef,EXP,SWIM,45,,,
209,2624,graysby,16,60,0,Reef,EXP,SWIM,43,,,
209,2624,graysby,30,47,70,Sponge,EXP,SWIM,37,,,
209,2625,graysby,21,70,20,Reef,EXP,HOV,49,,,
209,2625,graysby,23,70,20,Reef,EXP,HOV,49,,,
209,2625,graysby,13,30,0,Reef,EXP,HOV,3,,,
209,2625,lionfish,11,57,0,Reef,EXP,HOV,21,,,
209,2625,graysby,22,0,75,Sponge,EXP,HOV,24,,,
209,2625,graysby,17,150,10,Reef,SH,RST,16,,,
209,2625,purplemouth moray,25,70,20,Reef,SH,RST,48,,,
209,2625,spotted moray,50,70,20,Reef,SH,RST,50,,,
209,2625,spotted moray,75,55,0,Reef,SH,RST,30,,,
209,2625,graysby,18,0,63,Reef,EXP,SWIM,43,,,
209,2625,graysby,23,40,30,Reef,EXP,SWIM,39,,,
209,2625,graysby,8,35,7,Reef,EXP,SWIM,29,,,
209,2625,graysby,17,57,15,Reef,SH,SWIM,47,,,
210,2630,purplemouth moray,25,0,47,Sponge,SH,RST,4,,,
210,2631,red grouper,35,64,0,Reef,EXP,HOV,5,,,
210,2631,red grouper,18,64,0,Reef,EXP,HOV,5,,,
210,2631,red grouper,20,64,0,Reef,EXP,HOV,5,,,
210,2631,lionfish,10,30,11,Sand,EXP,HOV,9,,,
210,2631,lionfish,19,39,20,Sand,EXP,HOV,7,,,
210,2631,lionfish,11,65,0,Sand,EXP,HOV,6,,,
210,2631,red grouper,23,20,50,Sand,EXP,HOV,5,,,
210,2631,red grouper,20,0,23,Sponge,EXP,HOV,5,,,
210,2631,green moray,90,20,0,Reef,SH,RST,13,,,
210,2631,lionfish,25,40,23,Reef,SH,RST,6,,,
210,2631,lionfish,24,65,0,Reef,SH,RST,5,,,
210,2631,purplemouth moray,25,25,16,Reef,SH,RST,11,,,
210,2631,spotted moray,30,0,32,Sponge,SH,RST,7,,,
210,2631,red grouper,36,36,55,Reef,EXP,SWIM,14,,,
210,2631,red grouper,22,0,37,Sponge,EXP,SWIM,6,,,
210,2632,red grouper,32,45,0,Reef,EXP,HOV,6,,,
210,2632,red grouper,22,50,4,Reef,EXP,RST,9,,,
210,2632,red grouper,20,50,4,Reef,EXP,RST,9,,,
210,2632,spotted moray,60,30,0,Sand,SH,RST,8,,,
210,2632,spotted moray,50,0,30,Sponge,SH,RST,15,,,
210,2632,red grouper,15,0,50,Sand,SH,SWIM,3,,,
211,2647,black grouper,100,21,0,Reef,SH,RST,12,,,
211,2647,green moray,200,32,0,Reef,SH,RST,7,,,
212,2643,lionfish,15,55,0,Reef,SH,HOV,8,,,
212,2643,red grouper,22,30,100,Reef,SH,RST,0,,,
212,2644,lionfish,12,35,20,Reef,EXP,HOV,33,,,
212,2644,lionfish,12,130,0,Reef,SH,HOV,33,,,
212,2644,red grouper,82,65,0,Reef,SH,RST,50,,,
212,2645,lionfish,13,40,10,Sand,EXP,HOV,32,,,
212,2645,lionfish,33,80,85,Reef,SH,RST,36,,,
212,2645,lionfish,9,65,40,Reef,,RST,30,,,
212,2645,black grouper,55,40,60,Reef,EXP,SWIM,3,,,
213,2640,lionfish,12,43,0,Reef,EXP,RST,44,,,
213,2640,red grouper,35,160,0,Reef,SH,RST,6,,,
213,2640,gag grouper,60,20,90,Reef,EXP,SWIM,56,,,
213,2641,red grouper,32,40,82,Reef,EXP,SWIM,14,,,
213,2642,lionfish,25,0,80,Reef,EXP,HUNT,39,,,
213,2642,gag grouper,50,0,200,Reef,SH,RST,36,,,
213,2642,purplemouth moray,35,45,95,Reef,SH,RST,39,,,
213,2642,purplemouth moray,45,85,0,Reef,SH,RST,25,,,
213,2642,purplemouth moray,70,25,0,Reef,SH,RST,40,,,
214,2637,red grouper,40,35,40,Reef,EXP,HOV,0,,,
214,2637,gag grouper,60,0,0,Reef,EXP,SWIM,0,,,
214,2637,gag grouper,72,0,110,Reef,EXP,SWIM,34,,,
214,2638,red grouper,50,55,120,Reef,SH,RST,26,,,
215,2633,coney,28,55,35,Reef,EXP,HOV,25,,,
215,2633,coney,28,40,35,Reef,EXP,HOV,20,,,
215,2633,lionfish,20,80,35,Reef,EXP,HOV,0,,,
215,2633,graysby,25,65,0,Reef,EXP,RST,4,,,
215,2633,graysby,15,50,0,Reef,EXP,RST,20,,,
215,2633,graysby,15,30,0,Reef,EXP,RST,50,,,
215,2633,lionfish,25,40,30,Reef,EXP,RST,25,,,
215,2633,spotted moray,30,20,20,Reef,EXP,RST,37,,,
215,2633,lionfish,35,100,70,Reef,SH,RST,25,,,
215,2633,coney,30,50,0,Reef,EXP,SWIM,17,,,
215,2634,graysby,20,40,50,Sponge,SH,RST,48,,,
216,2635,graysby,18,50,0,Reef,SH,RST,20,,,
216,2635,graysby,12,60,30,Reef,SH,RST,23,,,
216,2635,graysby,7,38,18,Reef,SH,RST,35,,,
216,2635,graysby,10,40,15,Reef,SH,RST,40,,,
216,2635,spotted moray,100,50,0,Reef,SH,RST,43,,,
216,2635,graysby,18,78,19,Reef,EXP,SWIM,50,,,
216,2635,graysby,18,110,18,Reef,SH,SWIM,10,,,
216,2636,graysby,10,50,0,Reef,EXP,HOV,5,,,
216,2636,graysby,15,62,30,Reef,EXP,RST,10,,,
216,2636,graysby,12,70,0,Reef,EXP,RST,49,,,
216,2636,goldentail moray,30,60,0,Reef,SH,RST,24,,,
216,2636,graysby,17,85,40,Reef,SH,RST,5,,,
216,2636,graysby,13,70,50,Reef,SH,RST,32,,,
216,2636,graysby,10,70,25,Reef,SH,SWIM,40,,,
217,2653,black grouper,55,50,0,Reef,EXP,HOV,20,,,
217,2653,gag grouper,75,40,70,Reef,EXP,HOV,12,,,
217,2653,red grouper,30,59,110,Reef,SH,HOV,18,,,
217,2653,red grouper,50,90,30,Reef,EXP,RST,25,,,
217,2653,purplemouth moray,70,45,110,Reef,SH,RST,43,,,
217,2653,red grouper,50,50,0,Reef,SH,RST,36,,,
217,2653,gag grouper,80,0,0,Reef,EXP,SWIM,15,,,
217,2653,gag grouper,60,0,0,Reef,EXP,SWIM,16,,,
217,2653,red grouper,40,57,30,Reef,EXP,SWIM,10,,,
217,2654,red grouper,50,82,84,Reef,SH,HOV,40,,,
217,2654,red grouper,40,20,30,Reef,EXP,RST,50,,,
217,2654,spotted moray,50,40,0,Reef,SH,RST,39,,,
217,2654,spotted moray,50,130,11,Sponge,SH,RST,53,,,
217,2655,gag grouper,80,38,95,Reef,EXP,RST,3,,,
217,2655,red grouper,60,70,110,Reef,EXP,RST,32,,,
217,2655,red grouper,37,56,80,Sand,EXP,RST,16,,,
217,2655,red grouper,55,30,100,sand,EXP,RST,19,,,
217,2655,spotted moray,70,90,90,Reef,SH,RST,25,,,
217,2655,black grouper,30,40,0,Reef,EXP,SWIM,9,,,
217,2655,black grouper,50,76,41,Reef,EXP,SWIM,11,,,
217,2655,gag grouper,70,80,41,Reef,EXP,SWIM,9,,,
217,2655,red grouper,50,50,40,Reef,EXP,SWIM,18,,,
218,2656,spotted scorpionfish,24,25,0,Reef,EXP,RST,11,,,
218,2656,purplemouth moray,40,25,0,Reef,SH,RST,11,,,
218,2657,lionfish,24,112,63,Reef,SH,RST,9,,,
218,2657,purplemouth moray,30,45,0,Reef,SH,RST,15,,,
218,2657,spotted moray,40,40,25,Reef,SH,RST,15,,,
218,2657,spotted moray,45,80,50,Reef,SH,RST,7,,,
218,2658,spotted scorpionfish,27,35,10,Reef,EXP,RST,18,,,
218,2658,red grouper,60,56,0,Reef,SH,RST,2,,,
219,2659,lionfish,17,90,0,Reef,SH,RST,1,,,
219,2659,gag grouper,65,92,60,Reef,EXP,SWIM,2,,,
219,2660,nassau grouper,90,150,0,Reef,EXP,RST,8,,,
219,2660,red grouper,42,70,50,Reef,SH,RST,2,,,
219,2660,spotted moray,55,90,50,Reef,SH,RST,45,,,
219,2661,gag grouper,70,0,65,Sand,EXP,RST,,,,
219,2661,spotted moray,60,55,0,Reef,SH,RST,,,,
219,2661,black grouper,65,0,0,Sand,EXP,SWIM,,,,
219,2661,gag grouper,80,0,0,Sand,EXP,SWIM,,,,
220,2651,graysby,20,70,0,Reef,SH,HOV,23,,,
220,2651,red grouper,70,92,43,Reef,EXP,RST,20,,,
220,2651,graysby,35,70,0,Reef,SH,RST,38,,,
220,2651,graysby,20,70,0,Reef,SH,RST,38,,,
220,2651,goldentail moray,70,0,40,Sponge,SH,RST,13,,,
220,2651,black grouper,70,90,0,Reef,EXP,SWIM,15,,,
220,2651,mutton snapper,60,90,0,Reef,EXP,SWIM,1,,,
220,2652,graysby,30,20,0,Reef,EXP,HOV,16,,,
220,2652,graysby,25,130,20,Reef,SH,HOV,9,,,
220,2652,graysby,20,100,0,Reef,EXP,RST,1,,,
220,2652,graysby,15,0,65,Sponge,EXP,RST,16,,,
220,2652,graysby,10,40,0,Reef,SH,RST,50,,,
220,2652,spotted moray,50,15,0,Reef,SH,RST,5,,,
221,2649,graysby,18,27,57,Sponge,EXP,HOV,11,,,
221,2649,red hind,55,40,0,Reef,EXP,RST,15,,,
221,2649,graysby,20,40,0,Reef,EXP,SWIM,30,,,
221,2650,green moray,85,165,0,Reef,EXP,RST,1,,,
221,2650,graysby,15,0,35,Reef,SH,RST,35,,,
221,2650,barracuda,125,0,68,Reef,EXP,SWIM,1,,,
221,2650,red grouper,60,165,0,Reef,EXP,SWIM,1,,,
221,2650,graysby,15,0,50,Sponge,EXP,SWIM,15,,,
221,2650,graysby,15,0,65,Sponge,EXP,SWIM,37,,,
221,2650,graysby,35,0,50,Sponge,EXP,SWIM,49,,,
221,2650,graysby,21,54,21,Reef,SH,SWIM,45,,,
222,2662,graysby,25,35,0,Reef,EXP,HOV,20,,,
222,2662,graysby,22,25,0,Reef,EXP,HOV,30,,,
222,2662,graysby,25,44,0,Reef,EXP,HOV,50,,,
222,2662,graysby,15,50,0,Reef,EXP,RST,10,,,
222,2662,graysby,10,40,15,Reef,SH,RST,32,,,
222,2662,spotted moray,28,25,0,Reef,SH,RST,34,,,
222,2662,black grouper,60,200,0,Reef,EXP,SWIM,10,,,
222,2662,graysby,22,300,0,Reef,EXP,SWIM,20,,,
222,2663,spotted moray,80,40,0,Reef,SH,RST,40,,,
222,2663,graysby,25,150,0,Reef,EXP,SWIM,25,,,
222,2663,graysby,22,110,0,Reef,EXP,SWIM,30,,,
222,2663,mutton snapper,50,30,25,Reef,EXP,SWIM,7,,,
223,2664,graysby,27,300,0,Reef,EXP,HOV,16,,,
223,2664,graysby,25,50,0,Reef,SH,RST,5,,,
223,2664,graysby,7,70,0,Reef,SH,RST,40,,,
223,2664,graysby,20,20,0,Reef,SH,RST,25,,,
223,2664,graysby,32,210,0,Reef,EXP,SWIM,50,,,
223,2665,graysby,28,37,10,Reef,EXP,HOV,38,,,
223,2665,nassau grouper,100,50,0,Reef,EXP,HOV,35,,,
223,2665,graysby,25,70,0,Reef,SH,HOV,49,,,
223,2665,graysby,22,45,0,Reef,SH,RST,40,,,
223,2665,graysby,5,20,10,Reef,SH,RST,58,,,
223,2665,graysby,27,70,0,Reef,SH,RST,49,,,
223,2665,mutton snapper,60,200,0,Reef,EXP,SWIM,46,,,
224,2669,black grouper,65,0,30,Reef,SH,HOV,30,,,
224,2669,black grouper,35,45,0,Reef,SH,HOV,59,,,
224,2669,goldentail moray,40,40,0,Reef,SH,RST,7,,,
224,2669,lionfish,11,55,30,Reef,SH,RST,59,,,
224,2669,black grouper,50,60,0,Reef,EXP,SWIM,39,,,
224,2670,black grouper,47,50,30,Reef,EXP,HOV,67,,,
224,2670,red grouper,50,100,40,Reef,EXP,HOV,50,,,
224,2670,lionfish,14,30,50,Reef,EXP,RST,5,,,
224,2670,black grouper,60,80,0,Reef,SH,RST,50,,,
224,2670,purplemouth moray,40,40,20,Reef,SH,RST,7,,,
224,2670,spotted moray,60,40,30,Reef,SH,RST,27,,,
224,2670,black grouper,60,70,0,Reef,EXP,SWIM,58,,,
224,2671,black grouper,75,50,90,Reef,EXP,HOV,23,,,
224,2671,lionfish,22,40,30,Reef,SH,HOV,55,,,
224,2671,mutton snapper,45,50,80,Reef,EXP,RST,38,,,
224,2671,gag grouper,35,0,40,Sponge,EXP,RST,37,,,
224,2671,black grouper,45,40,60,Reef,SH,RST,25,,,
224,2671,lionfish,10,60,0,Reef,SH,RST,61,,,
224,2671,purplemouth moray,45,0,80,Reef,SH,RST,51,,,
224,2671,purplemouth moray,50,50,80,Reef,SH,RST,48,,,
224,2671,spotted moray,70,30,70,Reef,SH,RST,25,,,
224,2671,spotted moray,70,65,0,Reef,SH,RST,55,,,
224,2671,spotted moray,40,80,0,Reef,SH,RST,56,,,
224,2671,spotted moray,50,35,0,Reef,SH,RST,33,,,
224,2671,black grouper,30,30,0,Reef,EXP,SWIM,33,,,
225,2672,lionfish,20,50,0,Reef,EXP,RST,14,,,
225,2672,green moray,50,70,0,Reef,SH,RST,13,,,
225,2672,spotted moray,50,70,0,Reef,SH,RST,13,,,
225,2672,spotted moray,35,10,60,Reef,SH,RST,15,,,
225,2672,soapfish sp.,17,10,60,Reef,EXP,SWIM,15,,,
225,2673,lionfish,15,50,0,Reef,EXP,HOV,20,,,
225,2673,lionfish,20,45,0,Reef,EXP,HOV,15,,,
225,2673,spotted moray,25,50,0,Reef,SH,RST,12,,,
225,2673,spotted moray,15,55,0,Reef,SH,RST,15,,,
225,2673,spotted moray,30,50,0,Reef,SH,RST,10,,,
225,2673,spotted moray,15,45,0,Reef,SH,RST,10,,,
225,2673,black grouper,45,25,0,Reef,EXP,SWIM,15,,,
225,2673,red grouper,20,15,40,Reef,EXP,SWIM,10,,,
225,2673,red grouper,35,15,40,Reef,EXP,SWIM,10,,,
225,2673,black grouper,43,43,0,Reef,,,,,,
226,2666,gag grouper,40,30,30,Reef,EXP,HOV,56,,,
226,2666,red grouper,20,45,50,Reef,SH,HOV,48,,,
226,2666,spotted moray,30,45,70,Reef,SH,RST,10,,,
226,2667,red grouper,44,20,0,Reef,EXP,HOV,12,,,
226,2667,spotted moray,15,25,35,Reef,SH,RST,30,,,
226,2667,black grouper,50,20,40,Reef,EXP,SWIM,8,,,
226,2668,black grouper,65,0,55,Reef,SH,RST,55,,,
226,2668,red grouper,25,95,20,Reef,SH,RST,45,,,
226,2668,spotted moray,70,30,60,Reef,SH,RST,35,,,
227,2846,black grouper,55,50,0,Reef,EXP,SWIM,2,,,
227,2846,graysby,30,25,55,Reef,EXP,SWIM,16,,,
227,2846,graysby,30,0,20,Reef,EXP,HOV,22,,,
227,2846,graysby,17,25,0,Reef,SH,HOV,30,,,
227,2846,graysby,16,0,35,Reef,EXP,SWIM,6,,,
227,2846,graysby,15,30,0,Reef,SH,RST,6,,,
227,2847,graysby,18,55,0,sponge,EXP,SWIM,26,,,
227,2847,graysby,27,0,25,sponge,EXP,SWIM,26,,,
227,2847,graysby,25,0,25,sponge,EXP,HOV,26,,,
228,2848,graysby,2,55,0,Reef,EXP,HOV,12,,,
228,2848,graysby,26,0,60,Reef,EXP,SWIM,29,,,
228,2848,graysby,29,66,60,Reef,EXP,SWIM,33,,,
228,2848,black grouper,45,35,0,Reef,EXP,SWIM,35,,,
228,2849,graysby,27,0,75,Reef,EXP,HOV,,,,
229,2852,graysby,8,20,0,Reef,EXP,HOV,28,,,
229,2853,graysby,30,25,0,Reef,EXP,SWIM,46,,,
229,2853,greater soapfish,25,30,0,Reef,EXP,RST,47,,,
229,2853,graysby,20,15,0,Reef,EXP,HOV,47,,,
229,2853,green moray,120,100,0,Reef,SH,RST,33,,,
230,2854,graysby,15,30,0,Reef,EXP,HOV,28,,,
230,2854,graysby,15,30,0,Reef,EXP,SWIM,43,,,
230,2854,coney,30,100,0,Reef,EXP,HOV,39,,,
230,2854,graysby,8,30,0,Reef,EXP,SWIM,33,,,
230,2854,graysby,10,25,0,Reef,EXP,HOV,18,,,
230,2854,graysby,10,15,0,Reef,EXP,SWIM,18,,,
230,2855,greater soapfish,20,80,0,Reef,SH,RST,10,,,
230,2855,nassau grouper,45,25,0,Reef,EXP,SWIM,39,,,
230,2855,greater soapfish,25,30,0,Reef,SH,RST,47,,,
231,2850,mutton snapper,50,0,0,sand,EXP,SWIM,6,,,
231,2850,graysby,10,60,0,Reef,EXP,SWIM,25,,,
231,2850,graysby,18,100,0,sponge,EXP,HOV,34,,,
231,2850,graysby,15,75,0,Reef,EXP,HOV,41,,,
231,2850,graysby,20,90,115,Reef,EXP,SWIM,49,,,
231,2851,graysby,20,50,50,Reef,SH,HOV,20,,,
231,2851,graysby,20,40,20,Reef,SH,HOV,27,,,
231,2851,graysby,25,30,0,Reef,EXP,SWIM,42,,,
231,2851,spotted scorpionfish,25,90,0,Reef,SH,RST,50,,,
231,2851,nassau grouper,50,60,0,Reef,EXP,HOV,35,,,
231,2851,rock hind,60,100,0,Reef,EXP,HOV,42,,,
231,2851,graysby,20,35,50,Reef,EXP,HOV,42,,,
232,2862,graysby,20,70,0,Reef,EXP,SWIM,9,,,
232,2862,graysby,17,80,0,Reef,SH,HOV,20,,,
232,2862,graysby,12,75,0,sponge,EXP,SWIM,41,,,
232,2862,graysby,25,300,0,Reef,EXP,SWIM,43,,,
232,2862,graysby,15,300,0,Reef,SH,RST,50,,,
232,2862,greater soapfish,35,250,0,Reef,EXP,RST,50,,,
232,2862,graysby,15,85,0,Reef,SH,HOV,50,,,
232,2863,graysby,17,25,0,Reef,EXP,SWIM,20,,,
232,2863,red hind,45,60,0,Reef,SH,HOV,22,,,
232,2863,graysby,22,35,0,Reef,EXP,SWIM,30,,,
232,2863,graysby,20,30,20,Reef,SH,HOV,38,,,
232,2863,graysby,22,150,40,Reef,EXP,SWIM,31,,,
232,2863,nassau grouper,48,150,40,Reef,SH,HOV,24,,,
232,2863,graysby,17,35,65,Reef,SH,HOV,24,,,
232,2863,graysby,22,55,0,Reef,EXP,SWIM,20,,,
232,2863,graysby,24,35,45,Reef,EXP,SWIM,18,,,
233,2856,graysby,22,85,0,Reef,EXP,HOV,20,,,
233,2856,greater soapfish,15,65,30,Reef,SH,HOV,45,,,
233,2856,graysby,28,47,40,Reef,EXP,SWIM,50,,,
233,2856,graysby,20,40,25,Reef,SH,HOV,50,,,
233,2856,graysby,29,50,35,Reef,EXP,SWIM,40,,,
233,2856,graysby,25,60,20,Reef,SH,HOV,35,,,
233,2856,black grouper,80,50,40,Reef,EXP,SWIM,5,,,
233,2856,green moray,170,100,0,Reef,SH,RST,3,,,
233,2856,spotted moray,140,45,0,Reef,SH,RST,0,,,
233,2857,graysby,25,45,0,Reef,SH,HOV,50,,,
233,2857,graysby,22,65,0,Reef,SH,HOV,48,,,
233,2857,graysby,26,200,0,Reef,EXP,HOV,2,,,
233,2857,graysby,29,200,0,Reef,SH,RST,2,,,
234,2858,graysby,20,70,20,Reef,EXP,HOV,2,,,
234,2858,graysby,25,110,0,Reef,EXP,SWIM,39,,,
234,2858,graysby,28,110,0,Reef,SH,HOV,42,,,
234,2858,graysby,22,20,0,Reef,EXP,HOV,42,,,
234,2858,graysby,19,40,20,Reef,SH,HOV,40,,,
234,2858,coney,30,45,0,Reef,EXP,SWIM,11,,,
234,2858,graysby,27,35,0,Reef,SH,RST,2,,,
234,2859,graysby,15,35,0,Reef,EXP,HOV,21,,,
234,2859,graysby,17,60,0,Reef,EXP,HOV,42,,,
234,2859,coney,25,55,20,Reef,EXP,SWIM,30,,,
234,2859,graysby,20,55,0,Reef,EXP,SWIM,30,,,
234,2859,spotted moray,90,55,0,Reef,SH,RST,30,,,
235,2860,graysby,20,70,0,Reef,SH,HOV,28,,,
235,2860,graysby,20,150,0,Reef,EXP,HOV,30,,,
235,2860,graysby,15,55,0,Reef,SH,HOV,48,,,
235,2860,graysby,8,50,60,Reef,EXP,HOV,31,,,
235,2860,graysby,27,65,30,Reef,SH,HOV,22,,,
235,2860,graysby,15,65,0,Reef,EXP,SWIM,20,,,
235,2861,graysby,10,60,25,Reef,SH,RST,35,,,
235,2861,nassau grouper,50,125,30,Reef,EXP,RST,8,,,
235,2861,graysby,25,70,25,Reef,SH,HOV,20,,,
236,2866,graysby,15,,,sand,EXP,SWIM,24,,,
236,2866,sharptail eel,,30,,Reef,SH,RST,40,,,
236,2866,graysby,13,65,,Reef,EXP,SWIM,,,,
236,2866,green moray,100,,,Reef,SH,RST,22,,,
236,2867,mutton snapper,,,,Reef,EXP,SWIM,0,,,
236,2867,graysby,15,100,,Reef,SH,HOV,40,,,
237,2864,graysby,15,,,Reef,,,20,,,
237,2864,green moray,45,,,Reef,,,,,,
237,2864,graysby,15,,,Reef,SH,HOV,,,,
237,2865,barracuda,,,,sand,EXP,SWIM,40,,,
237,2865,graysby,15,,,Reef,EXP,SWIM,25,,,
237,2865,barracuda,,,,sand,EXP,SWIM,3,,,
238,2872,graysby,15,20,0,Reef,EXP,SWIM,25,,,
238,2872,graysby,15,20,0,Reef,SH,HOV,43,,,
238,2873,graysby,17,32,15,Reef,SH,RST,41,,,
238,2873,graysby,30,0,0,Reef,EXP,HUNT,21,,,
238,2873,graysby,15,0,0,Reef,EXP,SWIM,17,,,
238,2873,graysby,10,0,0,Reef,EXP,HOV,14,,,
240,2868,graysby,7,15,,Reef,SH,HOV,10,,,
240,2868,graysby,15,0,,Reef,EXP,SWIM,40,,,
240,2868,graysby,15,40,,Reef,SH,HOV,20,,,
240,2868,graysby,20,53,,Reef,EXP,HOV,25,,,
240,2869,graysby,15,55,,Reef,EXP,HOV,21,,,
240,2869,graysby,20,55,,Reef,EXP,HOV,21,,,
240,2869,graysby,20,100,,Reef,SH,HOV,30,,,
240,2869,graysby,20,0,,Reef,EXP,SWIM,25,,,
240,2869,graysby,15,15,,Reef,SH,HOV,20,,,
242,2876,graysby,25,10,0,Reef,EXP,SWIM,29,,,
242,2876,graysby,28,50,0,Reef,EXP,SWIM,32,,,
242,2876,graysby,12,80,17,Reef,EXP,SWIM,41,,,
242,2876,graysby,18,10,0,Reef,SH,RST,50,,,
242,2876,graysby,20,95,0,Reef,EXP,SWIM,21,,,
242,2876,graysby,20,45,0,Reef,EXP,SWIM,18,,,
242,2876,green moray,80,50,60,Reef,SH,RST,13,,,
242,2876,graysby,12,100,0,Reef,EXP,SWIM,6,,,
242,2876,rock hind,30,70,0,Reef,EXP,SWIM,45,,,
242,2877,graysby,22,80,0,Reef,EXP,HOV,8,,,
242,2877,coney,30,135,0,Reef,EXP,SWIM,21,,,
243,2878,red hind,27,75,0,Reef,EXP,SWIM,90,,,
243,2878,graysby,15,80,0,Reef,EXP,SWIM,0,,,
243,2878,graysby,10,0,0,Reef,EXP,SWIM,0,,,
244,2874,graysby,10,75,0,Reef,EXP,SWIM,51,,,
244,2874,amberjack,70,0,0,Reef,EXP,SWIM,44,,,
244,2874,amberjack,70,0,0,Reef,EXP,SWIM,44,,,
244,2874,amberjack,70,0,0,Reef,EXP,SWIM,44,,,
244,2874,amberjack,70,0,0,Reef,EXP,SWIM,44,,,
244,2874,amberjack,70,0,0,Reef,EXP,SWIM,44,,,
244,2874,amberjack,70,0,0,Reef,EXP,SWIM,44,,,
244,2874,graysby,25,10,55,Reef,EXP,SWIM,19,,,
244,2874,coney,20,70,50,Reef,EXP,SWIM,8,,,
244,2874,black grouper,65,0,30,Reef,EXP,SWIM,60,,,
244,2875,graysby,25,80,0,Reef,EXP,RST,38,,,
244,2875,graysby,15,40,40,Reef,EXP,SWIM,45,,,
244,2875,graysby,20,30,0,Reef,SH,RST,48,,,
244,2875,graysby,30,60,0,Reef,EXP,SWIM,38,,,
244,2875,graysby,25,55,0,Reef,EXP,SWIM,7,,,
244,2875,graysby,20,11,0,Reef,SH,RST,7,,,
245,2880,barracuda,55,0,0,Reef,EXP,SWIM,5,,,
245,2880,barracuda,65,0,50,Reef,EXP,HOV,2,,,
245,2880,barracuda,60,0,45,Reef,EXP,HOV,12,,,
245,2880,barracuda,60,0,140,Reef,EXP,HOV,12,,,
245,2880,graysby,17,170,0,Reef,EXP,HOV,5,,,
245,2881,graysby,16,20,35,Reef,EXP,SWIM,5,,,
245,2881,graysby,21,70,40,Reef,EXP,HOV,9,,,
245,2881,graysby,20,20,0,Reef,EXP,HOV,35,,,
245,2881,graysby,17,55,0,Reef,EXP,HOV,35,,,
245,2881,graysby,23,60,0,sponge,EXP,HOV,37,,,
245,2881,barracuda,70,0,0,sand,EXP,HOV,45,,,
245,2881,graysby,25,50,75,Reef,EXP,HOV,47,,,
245,2881,graysby,21,70,0,sponge,EXP,SWIM,41,,,
245,2881,graysby,23,20,30,Reef,EXP,HOV,6,,,
246,2895,spotted scorpionfish,20,20,0,Reef,SH,RST,15,,,
247,2882,red grouper,30,15,0,Reef,EXP,SWIM,5,,,
247,2882,red grouper,40,40,0,Reef,EXP,HOV,9,,,
247,2883,sharptail eel,30,50,0,Reef,SH,HOV,3,,,
247,2883,red grouper,60,30,0,Reef,EXP,SWIM,11,,,
247,2884,green moray,150,200,0,Reef,SH,RST,13,,,
248,2885,red grouper,30,15,0,Reef,EXP,SWIM,12,,,
248,2885,spotted moray,100,40,0,Reef,EXP,RST,20,,,
248,2886,purplemouth moray,30,100,0,Reef,SH,RST,28,,,
248,2886,purplemouth moray,50,40,0,Reef,SH,RST,10,,,
249,2888,purplemouth moray,50,75,0,Reef,SH,RST,5,,,
249,2888,red grouper,30,100,0,Reef,EXP,HOV,19,,,
249,2888,spotted moray,100,75,0,Reef,SH,RST,19,,,
249,2889,spotted moray,150,50,0,Reef,SH,RST,34,,,
249,2890,red grouper,25,40,0,Reef,EXP,HOV,10,,,
250,2892,black grouper,75,150,0,Reef,SH,RST,18,,,
250,2892,spotted moray,40,100,0,Reef,SH,RST,10,,,
250,2893,gag grouper,100,60,120,Reef,EXP,RST,5,,,
251,2896,gag grouper,35,50,30,Reef,SH,RST,12,,,
251,2896,spotted moray,61,70,53,Reef,SH,RST,29,,,
251,2897,mutton snapper,80,0,0,Reef,EXP,SWIM,24,,,
251,2898,black grouper,22,45,15,Reef,SH,HOV,13,,,
251,2898,red grouper,50,30,170,Reef,EXP,HOV,18,,,
251,2898,black grouper,90,130,80,Reef,EXP,SWIM,20,,,
251,2898,red grouper,45,50,80,Reef,EXP,HOV,33,,,
251,2898,red grouper,45,70,60,Reef,SH,HOV,29,,,
252,2899,red grouper,35,40,80,Reef,SH,HOV,24,,,
252,2899,gag grouper,90,100,40,Reef,EXP,HOV,34,,,
252,2899,green moray,70,50,45,Reef,SH,RST,40,,,
252,2900,gag grouper,55,50,45,Reef,SH,HOV,47,,,
252,2900,black grouper,22,50,80,Reef,EXP,SWIM,40,,,
253,2902,black grouper,24,20,53,Reef,EXP,HOV,22,,,
253,2902,black grouper,70,75,20,Reef,SH,RST,37,,,
253,2902,red grouper,35,55,90,Reef,EXP,HOV,57,,,
253,2903,black grouper,25,0,0,Reef,EXP,SWIM,54,,,
253,2903,spotted moray,50,35,50,Reef,SH,RST,47,,,
253,2903,spotted moray,30,30,0,Reef,SH,RST,35,,,
253,2904,red grouper,32,50,60,Reef,EXP,RST,3,,,
253,2904,gag grouper,100,90,70,Reef,EXP,HOV,15,,,
253,2904,black grouper,25,50,50,Reef,EXP,SWIM,32,,,
253,2904,spotted moray,35,50,60,Reef,SH,RST,49,,,